timestamp,Open,High,Low,Close,Volume
2025-09-17 15:00:00,233.96,235.21,233.7,233.93,46428.2075
2025-09-17 16:00:00,233.93,234.77,232.31,234.11,49328.7844
2025-09-17 17:00:00,234.11,237.1,232.03,232.51,98588.0132
2025-09-17 18:00:00,232.51,238.38,232.02,233.66,332660.5681
2025-09-17 19:00:00,233.66,239.1,233.48,238.75,154737.5453
2025-09-17 20:00:00,238.75,241.21,237.58,238.02,75418.9719
2025-09-17 21:00:00,238.02,240.71,235.96,240.27,94228.9544
2025-09-17 22:00:00,240.27,245.67,240.27,244.9,146028.7812
2025-09-17 23:00:00,244.9,246.66,243.85,244.83,80799.061
2025-09-18 00:00:00,244.83,246.09,244.15,244.71,37925.0472
2025-09-18 01:00:00,244.71,247.48,244.5,246.29,48407.6667
2025-09-18 02:00:00,246.29,246.6,245.13,246.41,31716.109
2025-09-18 03:00:00,246.41,247.89,246.11,246.72,55946.2026
2025-09-18 04:00:00,246.72,247.03,245.62,246.27,37152.2393
2025-09-18 05:00:00,246.27,246.38,244.32,244.92,29506.0924
2025-09-18 06:00:00,244.92,245.07,242.59,244.28,53798.8108
2025-09-18 07:00:00,244.28,245.28,244.28,244.71,22479.4137
2025-09-18 08:00:00,244.71,247.19,244.35,246.97,39020.9521
2025-09-18 09:00:00,246.97,247.12,246.12,247.07,23637.7867
2025-09-18 10:00:00,247.07,247.1,245.31,246.05,26463.8241
2025-09-18 11:00:00,246.05,247.02,245.61,245.95,28641.1928
2025-09-18 12:00:00,245.95,246.9,245.81,246.0,27448.7906
2025-09-18 13:00:00,246.0,248.29,245.0,246.15,89639.5027
2025-09-18 14:00:00,246.15,248.14,246.09,247.71,52566.6557
2025-09-18 15:00:00,247.71,248.99,247.26,248.23,58839.9949
2025-09-18 16:00:00,248.23,250.18,247.56,249.81,97607.3205
2025-09-18 17:00:00,249.81,253.49,249.27,251.38,156514.9376
2025-09-18 18:00:00,251.38,251.44,249.83,250.43,47674.408
2025-09-18 19:00:00,250.43,250.49,247.33,248.33,60729.0045
2025-09-18 20:00:00,248.33,249.14,247.8,248.29,33258.4059
2025-09-18 21:00:00,248.29,248.64,247.41,247.6,26392.7502
2025-09-18 22:00:00,247.6,248.17,246.89,247.09,30010.4407
2025-09-18 23:00:00,247.09,247.69,245.8,247.48,44487.4681
2025-09-19 00:00:00,247.48,248.32,247.14,248.16,18526.6917
2025-09-19 01:00:00,248.16,248.54,246.77,247.47,23456.4888
2025-09-19 02:00:00,247.47,248.02,246.43,246.71,18859.7299
2025-09-19 03:00:00,246.71,247.76,244.66,245.05,49754.0401
2025-09-19 04:00:00,245.05,245.38,242.8,244.98,70458.112
2025-09-19 05:00:00,244.98,245.73,244.29,245.67,43309.2122
2025-09-19 06:00:00,245.67,245.69,243.51,243.63,33457.2577
2025-09-19 07:00:00,243.63,244.88,243.14,243.84,37044.2947
2025-09-19 08:00:00,243.84,244.87,243.47,243.81,21475.3382
2025-09-19 09:00:00,243.81,244.34,242.12,242.88,36433.1469
2025-09-19 10:00:00,242.88,243.0,241.77,242.32,27349.4033
2025-09-19 11:00:00,242.32,242.43,240.2,240.94,38153.6469
2025-09-19 12:00:00,240.94,242.08,240.45,240.86,29991.5727
2025-09-19 13:00:00,240.86,242.31,240.68,242.1,63684.8422
2025-09-19 14:00:00,242.1,242.71,238.99,239.58,80033.2719
2025-09-19 15:00:00,239.58,239.66,235.83,237.53,147070.5472
2025-09-19 16:00:00,237.53,238.89,237.22,238.63,27716.2801
2025-09-19 17:00:00,238.63,238.69,236.5,236.66,35593.6086
2025-09-19 18:00:00,236.66,237.08,235.13,236.99,53619.8117
2025-09-19 19:00:00,236.99,237.93,235.88,235.96,36386.2804
2025-09-19 20:00:00,235.96,237.77,235.96,237.01,29169.9807
2025-09-19 21:00:00,237.01,238.41,236.44,238.4,19420.45
2025-09-19 22:00:00,238.4,238.86,238.34,238.52,12127.9694
2025-09-19 23:00:00,238.52,238.55,236.81,238.53,16460.1631
2025-09-20 00:00:00,238.53,239.7,238.3,239.66,20055.6421
2025-09-20 01:00:00,239.66,239.99,238.42,238.42,20279.5022
2025-09-20 02:00:00,238.42,238.53,237.35,238.41,12418.1163
2025-09-20 03:00:00,238.41,238.43,237.78,238.07,7107.4808
2025-09-20 04:00:00,238.07,238.9,237.74,238.7,9265.1341
2025-09-20 05:00:00,238.7,239.5,238.44,239.43,9741.7854
2025-09-20 06:00:00,239.43,239.43,238.72,239.13,7790.6539
2025-09-20 07:00:00,239.13,239.8,239.0,239.78,14247.1313
2025-09-20 08:00:00,239.78,239.78,237.45,237.64,15200.8049
2025-09-20 09:00:00,237.64,238.09,237.15,237.23,11901.8388
2025-09-20 10:00:00,237.23,237.83,236.87,237.32,8387.6691
2025-09-20 11:00:00,237.32,238.44,237.3,238.16,9596.3035
2025-09-20 12:00:00,238.16,238.22,237.29,237.7,7816.9515
2025-09-20 13:00:00,237.7,238.08,237.35,237.43,7810.4314
2025-09-20 14:00:00,237.43,238.97,237.04,238.74,16866.1618
2025-09-20 15:00:00,238.74,241.21,238.74,240.11,40859.3996
2025-09-20 16:00:00,240.11,241.08,239.23,240.39,25666.9037
2025-09-20 17:00:00,240.39,240.55,238.88,239.09,22361.2405
2025-09-20 18:00:00,239.09,239.09,238.22,238.38,11974.5595
2025-09-20 19:00:00,238.38,239.04,237.95,238.61,13059.9392
2025-09-20 20:00:00,238.61,239.8,238.41,239.71,18785.5651
2025-09-20 21:00:00,239.71,240.32,239.44,239.77,13506.6373
2025-09-20 22:00:00,239.77,240.33,239.32,240.09,12031.2829
2025-09-20 23:00:00,240.09,240.19,238.97,239.47,11934.1453
2025-09-21 00:00:00,239.47,240.69,238.96,240.68,12061.1643
2025-09-21 01:00:00,240.68,240.74,239.87,240.09,20193.4393
2025-09-21 02:00:00,240.09,241.09,239.85,241.09,12940.3762
2025-09-21 03:00:00,241.09,241.77,240.48,241.76,11293.0504
2025-09-21 04:00:00,241.76,241.81,240.36,240.5,9285.5467
2025-09-21 05:00:00,240.5,240.8,240.15,240.38,10777.3106
2025-09-21 06:00:00,240.38,241.06,240.18,240.31,8062.5269
2025-09-21 07:00:00,240.31,240.31,239.45,239.86,11661.6719
2025-09-21 08:00:00,239.86,240.08,238.54,238.83,12833.9658
2025-09-21 09:00:00,238.83,239.04,237.04,238.47,36752.0209
2025-09-21 10:00:00,238.47,239.25,238.05,238.37,21247.9001
2025-09-21 11:00:00,238.37,239.07,238.2,238.63,13374.0131
2025-09-21 12:00:00,238.63,240.03,238.54,239.5,8975.6744
2025-09-21 13:00:00,239.5,240.29,239.17,239.51,10656.6655
2025-09-21 14:00:00,239.51,239.89,238.42,238.56,22086.9172
2025-09-21 15:00:00,238.56,238.73,237.72,237.93,19417.7275
2025-09-21 16:00:00,237.93,238.42,236.11,237.05,35971.5768
2025-09-21 17:00:00,237.05,237.86,236.3,237.84,29296.1238
2025-09-21 18:00:00,237.84,238.14,237.21,238.14,17238.7996
2025-09-21 19:00:00,238.14,238.19,237.17,238.01,8274.5809
2025-09-21 20:00:00,238.01,238.06,237.27,237.66,13821.1869
2025-09-21 21:00:00,237.66,237.77,236.67,237.29,12045.6887
2025-09-21 22:00:00,237.29,238.15,235.32,237.94,38461.3403
2025-09-21 23:00:00,237.94,237.94,235.97,236.16,22275.1987
2025-09-22 00:00:00,236.16,236.98,231.35,232.29,173028.8289
2025-09-22 01:00:00,232.29,234.77,232.09,233.23,72834.6026
2025-09-22 02:00:00,233.23,233.99,230.56,231.74,77498.3153
2025-09-22 03:00:00,231.74,233.08,231.66,232.84,28018.1705
2025-09-22 04:00:00,232.84,233.19,231.63,231.77,25968.3314
2025-09-22 05:00:00,231.77,231.98,224.84,225.0,103362.3747
2025-09-22 06:00:00,225.0,225.37,213.05,224.48,448768.7915
2025-09-22 07:00:00,224.48,224.56,221.88,221.95,98549.3712
2025-09-22 08:00:00,221.95,222.84,221.0,221.51,71044.754
2025-09-22 09:00:00,221.51,221.69,219.38,220.5,127691.7655
2025-09-22 10:00:00,220.5,222.65,219.93,222.39,53630.5559
2025-09-22 11:00:00,222.39,222.78,221.06,221.53,41723.0855
2025-09-22 12:00:00,221.53,223.03,220.65,222.93,68187.6533
2025-09-22 13:00:00,222.93,224.07,221.41,223.8,104155.3224
2025-09-22 14:00:00,223.8,224.08,220.93,221.38,81234.6
2025-09-22 15:00:00,221.38,221.75,219.96,220.75,59030.9985
2025-09-22 16:00:00,220.75,221.53,219.21,219.71,51487.3505
2025-09-22 17:00:00,219.71,221.44,217.9,221.12,80081.3425
2025-09-22 18:00:00,221.12,221.25,219.45,219.47,24607.2661
2025-09-22 19:00:00,219.47,219.59,216.56,217.14,90443.9174
2025-09-22 20:00:00,217.14,219.79,216.48,219.5,45341.0588
2025-09-22 21:00:00,219.5,221.09,219.0,220.91,33949.1909
2025-09-22 22:00:00,220.91,220.91,219.73,219.85,29843.1017
2025-09-22 23:00:00,219.85,220.58,219.73,220.38,26393.47
2025-09-23 00:00:00,220.38,221.39,219.41,219.7,27929.5734
2025-09-23 01:00:00,219.7,219.92,216.61,216.61,61929.4606
2025-09-23 02:00:00,216.61,217.86,213.84,214.12,60066.0202
2025-09-23 03:00:00,214.12,217.83,212.35,216.95,102238.7211
2025-09-23 04:00:00,216.95,217.45,214.04,215.78,44917.9541
2025-09-23 05:00:00,215.78,217.83,214.67,216.96,44405.53
2025-09-23 06:00:00,216.96,220.27,216.94,219.2,59277.5188
2025-09-23 07:00:00,219.2,219.47,218.61,219.0,26367.3741
2025-09-23 08:00:00,219.0,220.35,218.41,220.06,29237.2306
2025-09-23 09:00:00,220.06,220.87,218.24,218.66,25280.7307
2025-09-23 10:00:00,218.66,219.25,218.23,219.06,31856.2191
2025-09-23 11:00:00,219.06,219.63,217.85,219.32,21483.8341
2025-09-23 12:00:00,219.32,220.63,218.74,219.86,46177.2318
2025-09-23 13:00:00,219.86,220.21,218.6,219.03,31923.3521
2025-09-23 14:00:00,219.03,220.66,217.56,217.68,47618.3721
2025-09-23 15:00:00,217.68,219.94,217.02,219.26,45107.744
2025-09-23 16:00:00,219.26,221.74,217.83,220.46,67292.3369
2025-09-23 17:00:00,220.46,220.66,215.92,216.77,62396.4447
2025-09-23 18:00:00,216.77,217.23,215.25,215.8,60295.4007
2025-09-23 19:00:00,215.8,217.19,214.37,214.52,76148.6663
2025-09-23 20:00:00,214.52,215.35,213.27,215.29,75623.3609
2025-09-23 21:00:00,215.29,216.7,214.47,215.85,24290.9634
2025-09-23 22:00:00,215.85,216.47,214.75,215.29,18676.4783
2025-09-23 23:00:00,215.29,215.99,213.24,213.31,17646.482
2025-09-24 00:00:00,213.31,215.64,213.31,213.44,29354.1371
2025-09-24 01:00:00,213.44,216.43,212.83,216.22,22058.2368
2025-09-24 02:00:00,216.22,216.45,213.26,214.27,40603.5344
2025-09-24 03:00:00,214.27,214.67,207.42,208.55,169769.762
2025-09-24 04:00:00,208.55,209.22,204.67,208.05,162998.3047
2025-09-24 05:00:00,208.05,210.53,207.83,209.76,121812.2006
2025-09-24 06:00:00,209.76,211.47,208.64,210.99,89902.7844
2025-09-24 07:00:00,210.99,211.06,209.6,210.64,46277.3093
2025-09-24 08:00:00,210.64,211.23,210.01,210.89,28266.7785
2025-09-24 09:00:00,210.89,211.2,209.84,211.0,26348.3873
2025-09-24 10:00:00,211.0,211.49,210.12,210.91,33059.0131
2025-09-24 11:00:00,210.91,212.62,210.72,212.37,43867.1778
2025-09-24 12:00:00,212.37,213.45,211.79,211.96,55154.0148
2025-09-24 13:00:00,211.96,213.17,211.47,211.63,67948.4522
2025-09-24 14:00:00,211.63,216.36,211.43,215.6,72114.2824
2025-09-24 15:00:00,215.6,216.06,213.23,213.58,87936.6987
2025-09-24 16:00:00,213.58,214.44,213.21,213.84,42758.7743
2025-09-24 17:00:00,213.84,215.45,213.48,215.15,29073.5438
2025-09-24 18:00:00,215.15,215.19,213.34,213.89,25388.1849
2025-09-24 19:00:00,213.89,214.2,212.41,213.16,40763.3516
2025-09-24 20:00:00,213.16,213.22,210.85,212.11,41093.7621
2025-09-24 21:00:00,212.11,212.6,210.67,211.25,27217.3921
2025-09-24 22:00:00,211.25,212.3,210.9,211.72,29984.438
2025-09-24 23:00:00,211.72,212.24,211.27,211.58,30211.4366
2025-09-25 00:00:00,211.58,212.44,210.26,210.71,39414.5854
2025-09-25 01:00:00,210.71,211.21,207.75,208.19,107350.9254
2025-09-25 02:00:00,208.19,211.91,206.81,210.01,103413.0277
2025-09-25 03:00:00,210.01,210.11,206.02,207.29,87262.5341
2025-09-25 04:00:00,207.29,207.61,202.64,204.32,148318.4254
2025-09-25 05:00:00,204.32,205.92,203.21,205.43,46909.0914
2025-09-25 06:00:00,205.43,205.74,203.4,203.66,40494.6272
2025-09-25 07:00:00,203.66,205.24,203.34,204.22,38693.8291
2025-09-25 08:00:00,204.22,205.58,203.6,204.32,31919.2796
2025-09-25 09:00:00,204.32,205.9,201.78,202.28,85553.2821
2025-09-25 10:00:00,202.28,203.72,201.95,202.01,52305.6238
2025-09-25 11:00:00,202.01,202.53,200.72,201.39,100624.4498
2025-09-25 12:00:00,201.39,202.59,197.0,198.58,234226.5156
2025-09-25 13:00:00,198.58,201.61,197.57,200.78,101764.4659
2025-09-25 14:00:00,200.78,204.07,200.78,202.66,98106.8688
2025-09-25 15:00:00,202.66,203.11,200.36,201.15,56519.9537
2025-09-25 16:00:00,201.15,201.99,198.39,198.72,65113.3498
2025-09-25 17:00:00,198.72,198.95,193.58,194.86,227913.8854
2025-09-25 18:00:00,194.86,199.65,194.48,199.5,149839.0387
2025-09-25 19:00:00,199.5,200.93,197.4,198.13,95622.3751
2025-09-25 20:00:00,198.13,198.72,195.24,196.2,61566.2215
2025-09-25 21:00:00,196.2,197.44,194.76,196.35,60247.0461
2025-09-25 22:00:00,196.35,197.56,193.89,194.65,34831.921
2025-09-25 23:00:00,194.65,196.07,191.28,192.73,119318.7006
2025-09-26 00:00:00,192.73,195.94,192.53,195.68,67848.2721
2025-09-26 01:00:00,195.68,197.18,195.18,195.91,62629.9176
2025-09-26 02:00:00,195.91,197.56,195.46,196.47,45224.4219
2025-09-26 03:00:00,196.47,197.38,195.16,196.49,25058.3132
2025-09-26 04:00:00,196.49,197.43,195.13,195.77,31066.5123
2025-09-26 05:00:00,195.77,197.31,194.45,195.1,34980.1474
2025-09-26 06:00:00,195.1,197.0,193.78,195.23,71222.1946
2025-09-26 07:00:00,195.23,196.87,194.07,196.34,43351.9624
2025-09-26 08:00:00,196.34,196.99,195.76,196.17,35660.8957
2025-09-26 09:00:00,196.17,196.58,193.74,194.63,44683.8587
2025-09-26 10:00:00,194.63,194.72,191.8,192.12,66990.0442
2025-09-26 11:00:00,192.12,194.01,190.83,193.46,62987.056
2025-09-26 12:00:00,193.46,198.31,192.14,196.66,171872.3197
2025-09-26 13:00:00,196.66,197.39,194.44,197.13,101955.0978
2025-09-26 14:00:00,197.13,197.29,193.29,194.42,105688.9643
2025-09-26 15:00:00,194.42,196.82,194.22,196.03,69463.912
2025-09-26 16:00:00,196.03,199.78,195.8,199.58,121090.1855
2025-09-26 17:00:00,199.58,202.05,199.16,201.4,144647.4423
2025-09-26 18:00:00,201.4,202.63,200.85,201.83,77369.4469
2025-09-26 19:00:00,201.83,201.96,198.95,200.68,73990.4728
2025-09-26 20:00:00,200.68,200.9,199.54,199.96,50982.089
2025-09-26 21:00:00,199.96,202.47,199.73,202.31,39983.1113
2025-09-26 22:00:00,202.31,203.94,201.83,203.53,44641.9293
2025-09-26 23:00:00,203.53,205.46,202.8,205.12,50000.5526
2025-09-27 00:00:00,205.12,205.33,204.01,205.2,60429.4638
2025-09-27 01:00:00,205.2,205.43,203.57,204.36,40096.1131
2025-09-27 02:00:00,204.36,204.77,203.67,203.72,17469.6995
2025-09-27 03:00:00,203.72,205.09,203.64,203.91,33081.9093
2025-09-27 04:00:00,203.91,204.14,203.21,203.67,20988.0678
2025-09-27 05:00:00,203.67,203.67,202.22,202.48,20322.5541
2025-09-27 06:00:00,202.48,202.66,201.78,202.65,14414.3558
2025-09-27 07:00:00,202.65,203.17,201.57,202.08,27901.0418
2025-09-27 08:00:00,202.08,202.25,200.86,200.93,29126.5135
2025-09-27 09:00:00,200.93,201.49,199.89,201.17,33343.9051
2025-09-27 10:00:00,201.17,202.03,200.49,201.6,26638.2602
2025-09-27 11:00:00,201.6,202.04,201.28,201.68,23311.8249
2025-09-27 12:00:00,201.68,202.92,200.96,202.42,24439.6564
2025-09-27 13:00:00,202.42,203.37,202.15,202.88,29961.4218
2025-09-27 14:00:00,202.88,203.74,202.3,202.68,17263.9354
2025-09-27 15:00:00,202.68,203.7,201.79,203.55,19982.0981
2025-09-27 16:00:00,203.55,203.61,202.71,202.91,15737.4776
2025-09-27 17:00:00,202.91,202.96,200.89,201.87,25037.0374
2025-09-27 18:00:00,201.87,202.19,200.91,201.65,16223.3508
2025-09-27 19:00:00,201.65,202.37,201.3,202.21,10396.927
2025-09-27 20:00:00,202.21,202.92,201.91,202.65,8585.3066
2025-09-27 21:00:00,202.65,204.07,202.28,203.84,17250.4998
2025-09-27 22:00:00,203.84,204.99,203.43,203.9,17521.5466
2025-09-27 23:00:00,203.9,204.32,203.23,203.44,13453.9346
2025-09-28 00:00:00,203.44,204.04,202.56,202.98,19034.4239
2025-09-28 01:00:00,202.98,203.18,200.94,201.13,26804.0419
2025-09-28 02:00:00,201.13,202.06,201.01,201.45,19960.8182
2025-09-28 03:00:00,201.45,201.94,200.77,201.39,11806.8617
2025-09-28 04:00:00,201.39,202.01,201.17,201.9,20235.6984
2025-09-28 05:00:00,201.9,202.44,201.09,201.31,16997.7129
2025-09-28 06:00:00,201.31,201.81,200.37,201.72,23315.9395
2025-09-28 07:00:00,201.72,202.3,201.13,202.09,7946.2746
2025-09-28 08:00:00,202.09,202.7,201.4,201.82,15575.1577
2025-09-28 09:00:00,201.82,202.04,200.62,200.69,30444.9799
2025-09-28 10:00:00,200.69,201.04,200.2,200.82,21249.9712
2025-09-28 11:00:00,200.82,200.88,199.23,199.86,18885.6064
2025-09-28 12:00:00,199.86,199.95,197.98,198.44,35474.9793
2025-09-28 13:00:00,198.44,201.38,198.27,201.17,25474.0543
2025-09-28 14:00:00,201.17,201.96,200.43,201.87,15836.9447
2025-09-28 15:00:00,201.87,203.54,201.83,203.4,23786.9971
2025-09-28 16:00:00,203.4,204.72,203.26,204.07,32814.2667
2025-09-28 17:00:00,204.07,205.84,203.98,205.02,47148.6857
2025-09-28 18:00:00,205.02,206.35,204.81,206.12,27979.335
2025-09-28 19:00:00,206.12,206.67,205.41,206.18,15625.784
2025-09-28 20:00:00,206.18,207.77,206.01,206.78,52962.8835
2025-09-28 21:00:00,206.78,207.29,206.52,207.21,12325.4544
2025-09-28 22:00:00,207.21,209.94,207.21,209.53,108147.0334
2025-09-28 23:00:00,209.53,210.95,209.53,210.79,44746.8791
2025-09-29 00:00:00,210.79,210.87,209.04,209.22,38881.6206
2025-09-29 01:00:00,209.22,209.97,208.82,209.45,36327.941
2025-09-29 02:00:00,209.45,210.85,208.97,209.72,44956.5517
2025-09-29 03:00:00,209.72,210.36,209.14,210.27,16190.201
2025-09-29 04:00:00,210.27,210.64,209.83,210.03,15459.4227
2025-09-29 05:00:00,210.03,210.17,208.66,209.14,29488.4401
2025-09-29 06:00:00,209.14,209.21,207.82,208.16,24942.7072
2025-09-29 07:00:00,208.16,209.31,207.37,208.93,30608.8899
2025-09-29 08:00:00,208.93,209.67,208.24,208.89,27595.0746
2025-09-29 09:00:00,208.89,209.1,207.86,208.21,34024.2427
2025-09-29 10:00:00,208.21,208.33,206.48,206.61,28749.0266
2025-09-29 11:00:00,206.61,207.45,206.02,207.07,28448.5106
2025-09-29 12:00:00,207.07,208.04,205.23,205.37,41765.2727
2025-09-29 13:00:00,205.37,209.47,204.59,208.84,97847.613
2025-09-29 14:00:00,208.84,212.87,208.66,212.35,133520.1075
2025-09-29 15:00:00,212.35,213.47,209.77,210.05,85109.8559
2025-09-29 16:00:00,210.05,211.54,208.34,208.7,38262.1262
2025-09-29 17:00:00,208.7,210.31,207.65,210.15,45643.5032
2025-09-29 18:00:00,210.15,210.73,209.09,210.73,28481.0929
2025-09-29 19:00:00,210.73,213.53,210.41,212.94,69036.3466
2025-09-29 20:00:00,212.94,214.49,212.48,214.38,72006.6705
2025-09-29 21:00:00,214.38,214.74,213.67,214.15,29384.5799
2025-09-29 22:00:00,214.15,214.28,213.03,213.57,22392.445
2025-09-29 23:00:00,213.57,213.95,212.43,212.71,24588.3796
2025-09-30 00:00:00,212.71,213.66,211.2,211.33,66744.5582
2025-09-30 01:00:00,211.33,212.95,209.82,210.55,77954.3731
2025-09-30 02:00:00,210.55,211.23,209.99,210.53,29970.1833
2025-09-30 03:00:00,210.53,211.47,210.13,210.68,15742.0507
2025-09-30 04:00:00,210.68,211.71,210.19,210.22,24997.6079
2025-09-30 05:00:00,210.22,210.73,208.92,209.99,40270.036
2025-09-30 06:00:00,209.99,210.89,209.48,210.3,19660.9432
2025-09-30 07:00:00,210.3,210.83,208.53,208.99,24175.3022
2025-09-30 08:00:00,208.99,209.0,207.72,207.79,23003.1974
2025-09-30 09:00:00,207.79,207.95,205.53,205.87,68706.1393
2025-09-30 10:00:00,205.87,206.98,205.53,206.55,29609.9871
2025-09-30 11:00:00,206.55,207.24,205.89,207.03,30765.8205
2025-09-30 12:00:00,207.03,207.45,205.95,206.14,33930.325
2025-09-30 13:00:00,206.14,209.59,205.65,207.68,83511.2613
2025-09-30 14:00:00,207.68,208.88,206.06,208.78,42228.1525
2025-09-30 15:00:00,208.78,208.78,204.58,205.98,56417.7526
2025-09-30 16:00:00,205.98,206.31,204.23,205.11,42626.6061
2025-09-30 17:00:00,205.11,206.29,204.74,205.64,35162.2964
2025-09-30 18:00:00,205.64,207.87,205.34,207.57,26675.58
2025-09-30 19:00:00,207.57,209.23,207.13,208.92,31364.8114
2025-09-30 20:00:00,208.92,210.23,208.17,209.9,32088.9754
2025-09-30 21:00:00,209.9,210.99,209.28,209.65,83167.7427
2025-09-30 22:00:00,209.65,210.99,207.84,208.09,83673.5729
2025-09-30 23:00:00,208.09,208.91,207.43,208.7,41676.8001
2025-10-01 00:00:00,208.7,209.41,206.42,207.54,49305.7806
2025-10-01 01:00:00,207.54,210.73,207.13,210.62,55321.9099
2025-10-01 02:00:00,210.62,210.93,209.16,209.22,56671.0141
2025-10-01 03:00:00,209.22,209.6,206.61,206.68,43299.7944
2025-10-01 04:00:00,206.68,209.53,206.33,208.49,42575.6245
2025-10-01 05:00:00,208.49,210.0,208.49,208.98,29493.2595
2025-10-01 06:00:00,208.98,209.52,207.78,207.97,32900.8259
2025-10-01 07:00:00,207.97,210.34,207.86,210.15,31976.4645
2025-10-01 08:00:00,210.15,217.46,209.86,216.59,190627.6966
2025-10-01 09:00:00,216.59,217.97,215.8,217.59,77879.1694
2025-10-01 10:00:00,217.59,217.75,216.09,216.61,49315.3598
2025-10-01 11:00:00,216.61,217.89,216.6,217.78,34293.2957
2025-10-01 12:00:00,217.78,219.39,217.17,218.49,55109.9554
2025-10-01 13:00:00,218.49,219.95,218.34,219.39,58813.8234
2025-10-01 14:00:00,219.39,220.67,218.85,219.52,61075.6126
2025-10-01 15:00:00,219.52,220.28,218.73,220.22,31214.3369
2025-10-01 16:00:00,220.22,220.98,218.85,219.07,55109.5173
2025-10-01 17:00:00,219.07,219.73,217.32,217.36,66448.7974
2025-10-01 18:00:00,217.36,219.64,217.36,219.12,34612.4376
2025-10-01 19:00:00,219.12,220.45,218.99,220.07,29503.4531
2025-10-01 20:00:00,220.07,220.27,219.2,219.46,21596.092
2025-10-01 21:00:00,219.46,219.46,218.42,219.0,23293.0942
2025-10-01 22:00:00,219.0,219.95,218.99,219.55,20755.0736
2025-10-01 23:00:00,219.55,222.77,219.41,222.02,35484.7566
2025-10-02 00:00:00,222.02,222.45,219.7,219.83,62614.4004
2025-10-02 01:00:00,219.83,223.04,219.53,222.84,35698.4038
2025-10-02 02:00:00,222.84,224.08,221.4,223.27,41651.9086
2025-10-02 03:00:00,223.27,225.07,222.88,223.8,45061.9475
2025-10-02 04:00:00,223.8,224.97,222.76,223.82,31394.3046
2025-10-02 05:00:00,223.82,226.8,223.82,224.15,60330.7502
2025-10-02 06:00:00,224.15,225.84,223.56,224.97,67057.7941
2025-10-02 07:00:00,224.97,225.29,222.45,222.93,29728.4272
2025-10-02 08:00:00,222.93,224.74,222.71,224.74,17941.0912
2025-10-02 09:00:00,224.74,225.81,223.99,225.17,52295.4822
2025-10-02 10:00:00,225.17,225.75,224.82,225.1,35560.0476
2025-10-02 11:00:00,225.1,226.64,224.77,225.26,38810.0136
2025-10-02 12:00:00,225.26,227.37,225.0,227.25,47645.2088
2025-10-02 13:00:00,227.25,227.5,224.61,226.5,77215.265
2025-10-02 14:00:00,226.5,226.69,223.03,223.58,66400.5453
2025-10-02 15:00:00,223.58,227.28,222.48,227.15,104225.2457
2025-10-02 16:00:00,227.15,229.3,226.16,227.98,138348.5753
2025-10-02 17:00:00,227.98,230.32,227.37,229.8,79267.7534
2025-10-02 18:00:00,229.8,233.17,229.72,232.32,69531.8618
2025-10-02 19:00:00,232.32,233.77,231.54,232.26,80360.6787
2025-10-02 20:00:00,232.26,232.59,230.69,232.56,63318.7306
2025-10-02 21:00:00,232.56,233.96,232.38,232.54,47481.3945
2025-10-02 22:00:00,232.54,233.84,232.09,233.09,39581.3324
2025-10-02 23:00:00,233.09,235.0,232.92,234.74,46068.3415
2025-10-03 00:00:00,234.74,234.79,231.84,231.88,24113.0439
2025-10-03 01:00:00,231.88,232.73,230.51,230.93,30670.1488
2025-10-03 02:00:00,230.93,233.43,230.79,233.32,32723.1322
2025-10-03 03:00:00,233.32,234.86,232.03,232.23,36090.1172
2025-10-03 04:00:00,232.23,233.23,231.38,232.09,36419.5272
2025-10-03 05:00:00,232.09,232.19,230.29,231.18,34673.3448
2025-10-03 06:00:00,231.18,231.54,227.73,229.34,49807.4384
2025-10-03 07:00:00,229.34,229.71,228.52,229.4,31582.4378
2025-10-03 08:00:00,229.4,231.23,227.85,231.02,55571.6789
2025-10-03 09:00:00,231.02,231.75,230.59,230.92,36079.5909
2025-10-03 10:00:00,230.92,231.74,230.36,231.26,19737.9181
2025-10-03 11:00:00,231.26,231.33,229.54,230.78,23722.0673
2025-10-03 12:00:00,230.78,231.26,229.71,230.07,40515.8132
2025-10-03 13:00:00,230.07,231.09,228.72,229.74,53516.7225
2025-10-03 14:00:00,229.74,231.08,227.12,230.5,80229.7039
2025-10-03 15:00:00,230.5,235.05,229.54,234.86,156489.3173
2025-10-03 16:00:00,234.86,237.03,233.74,233.93,139405.2558
2025-10-03 17:00:00,233.93,234.05,228.25,230.12,180540.6906
2025-10-03 18:00:00,230.12,233.68,229.13,233.65,78585.7373
2025-10-03 19:00:00,233.65,235.53,232.8,233.18,59613.3222
2025-10-03 20:00:00,233.18,233.42,230.65,232.99,69717.2786
2025-10-03 21:00:00,232.99,233.4,231.9,232.64,15057.0707
2025-10-03 22:00:00,232.64,233.99,232.62,233.2,47048.98
2025-10-03 23:00:00,233.2,233.49,232.39,232.82,23014.1181
2025-10-04 00:00:00,232.82,234.05,231.37,231.93,37842.0027
2025-10-04 01:00:00,231.93,232.09,229.58,230.32,35549.9284
2025-10-04 02:00:00,230.32,231.06,228.35,229.85,31569.0321
2025-10-04 03:00:00,229.85,230.05,227.91,229.23,30350.2299
2025-10-04 04:00:00,229.23,229.93,229.0,229.59,16955.1395
2025-10-04 05:00:00,229.59,230.32,229.18,229.99,11235.3415
2025-10-04 06:00:00,229.99,230.54,229.64,229.84,20621.1183
2025-10-04 07:00:00,229.84,229.92,228.76,229.12,28260.9557
2025-10-04 08:00:00,229.12,229.48,228.21,228.9,25337.1646
2025-10-04 09:00:00,228.9,229.46,228.3,228.46,9107.6252
2025-10-04 10:00:00,228.46,229.96,228.32,229.14,11955.2089
2025-10-04 11:00:00,229.14,229.59,228.66,229.17,7252.6495
2025-10-04 12:00:00,229.17,229.45,227.93,228.11,20119.6383
2025-10-04 13:00:00,228.11,229.82,227.91,228.81,33880.1284
2025-10-04 14:00:00,228.81,229.49,226.68,226.81,34403.2729
2025-10-04 15:00:00,226.81,227.51,224.24,224.85,82673.195
2025-10-04 16:00:00,224.85,225.74,224.17,225.7,42749.5613
2025-10-04 17:00:00,225.7,227.03,225.48,226.58,27337.3052
2025-10-04 18:00:00,226.58,227.02,225.84,226.07,15310.409
2025-10-04 19:00:00,226.07,226.96,226.01,226.94,13119.6334
2025-10-04 20:00:00,226.94,228.0,226.92,227.36,20637.144
2025-10-04 21:00:00,227.36,228.29,227.29,227.29,12102.8397
2025-10-04 22:00:00,227.29,228.0,226.94,227.76,12083.1307
2025-10-04 23:00:00,227.76,228.22,227.09,227.83,5715.4199
2025-10-05 00:00:00,227.83,228.25,226.49,226.81,17699.1342
2025-10-05 01:00:00,226.81,227.82,226.57,227.74,11862.3588
2025-10-05 02:00:00,227.74,231.42,227.31,231.09,72572.1249
2025-10-05 03:00:00,231.09,232.25,230.17,230.91,61514.3809
2025-10-05 04:00:00,230.91,234.98,230.91,233.84,68699.554
2025-10-05 05:00:00,233.84,234.97,233.34,234.54,81244.8721
2025-10-05 06:00:00,234.54,235.97,234.49,235.2,78080.6827
2025-10-05 07:00:00,235.2,237.0,235.0,236.63,81971.6076
2025-10-05 08:00:00,236.63,237.25,235.16,235.24,49096.5093
2025-10-05 09:00:00,235.24,235.82,232.06,233.45,109887.0361
2025-10-05 10:00:00,233.45,233.62,230.79,232.04,63638.6484
2025-10-05 11:00:00,232.04,232.86,230.81,232.66,26968.7115
2025-10-05 12:00:00,232.66,232.68,230.73,231.34,23432.4129
2025-10-05 13:00:00,231.34,232.05,230.44,231.68,23688.5762
2025-10-05 14:00:00,231.68,232.05,228.38,230.15,45063.338
2025-10-05 15:00:00,230.15,230.92,229.76,230.13,24537.9598
2025-10-05 16:00:00,230.13,231.23,228.8,231.08,22345.4666
2025-10-05 17:00:00,231.08,231.48,229.31,229.67,22149.4621
2025-10-05 18:00:00,229.67,229.9,227.43,229.0,30663.0846
2025-10-05 19:00:00,229.0,229.04,226.69,227.06,31863.1393
2025-10-05 20:00:00,227.06,229.03,226.71,228.01,26843.3855
2025-10-05 21:00:00,228.01,228.8,227.46,228.72,11189.8247
2025-10-05 22:00:00,228.72,229.29,227.07,228.36,20863.5671
2025-10-05 23:00:00,228.36,229.17,228.14,228.59,14149.6206
2025-10-06 00:00:00,228.59,230.33,227.55,228.68,59245.9517
2025-10-06 01:00:00,228.68,231.72,227.74,231.45,45279.4199
2025-10-06 02:00:00,231.45,232.96,229.79,232.36,45426.1835
2025-10-06 03:00:00,232.36,233.28,231.7,232.26,24536.3841
2025-10-06 04:00:00,232.26,232.33,230.61,230.67,28754.2482
2025-10-06 05:00:00,230.67,232.46,230.15,232.31,17820.4727
2025-10-06 06:00:00,232.31,234.93,232.31,233.93,59857.8405
2025-10-06 07:00:00,233.93,234.23,230.64,231.35,31631.9706
2025-10-06 08:00:00,231.35,233.91,231.35,233.7,34374.6868
2025-10-06 09:00:00,233.7,234.14,232.79,233.48,24865.6467
2025-10-06 10:00:00,233.48,233.74,232.31,232.65,25584.9143
2025-10-06 11:00:00,232.65,233.86,231.79,233.0,35198.4204
2025-10-06 12:00:00,233.0,234.47,232.93,234.08,33306.3089
2025-10-06 13:00:00,234.08,235.14,232.67,234.75,55162.2448
2025-10-06 14:00:00,234.75,235.75,232.8,233.33,74976.4396
2025-10-06 15:00:00,233.33,236.7,233.3,235.67,94319.8423
2025-10-06 16:00:00,235.67,236.31,234.05,235.71,37041.6369
2025-10-06 17:00:00,235.71,237.81,235.46,236.42,58135.7906
2025-10-06 18:00:00,236.42,237.15,234.55,236.81,53995.4976
2025-10-06 19:00:00,236.81,237.01,234.69,235.34,57894.6872
2025-10-06 20:00:00,235.34,236.15,233.23,233.6,38618.395
2025-10-06 21:00:00,233.6,234.44,232.81,234.27,26402.7494
2025-10-06 22:00:00,234.27,235.03,233.94,234.62,22310.9868
2025-10-06 23:00:00,234.62,234.77,231.67,232.39,36956.0635
2025-10-07 00:00:00,232.39,233.04,231.16,232.53,28912.3796
2025-10-07 01:00:00,232.53,233.13,230.98,232.72,24689.308
2025-10-07 02:00:00,232.72,233.84,232.03,233.46,17240.4287
2025-10-07 03:00:00,233.46,233.95,232.88,233.9,20158.1113
2025-10-07 04:00:00,233.9,235.2,232.98,234.83,43313.8668
2025-10-07 05:00:00,234.83,235.07,233.21,233.52,29514.2947
2025-10-07 06:00:00,233.52,233.68,229.44,230.45,72725.1375
2025-10-07 07:00:00,230.45,231.13,229.53,231.01,41225.344
2025-10-07 08:00:00,231.01,231.03,228.29,230.03,70977.9842
2025-10-07 09:00:00,230.03,230.61,229.74,230.35,14941.7821
2025-10-07 10:00:00,230.35,231.65,229.75,230.84,20492.8407
2025-10-07 11:00:00,230.84,231.19,230.11,230.48,22000.0071
2025-10-07 12:00:00,230.48,231.51,229.27,231.49,52494.6629
2025-10-07 13:00:00,231.49,231.63,226.43,227.91,127046.6671
2025-10-07 14:00:00,227.91,228.12,224.47,225.29,118908.0407
2025-10-07 15:00:00,225.29,225.9,221.27,223.81,181927.0937
2025-10-07 16:00:00,223.81,225.3,221.89,224.42,73924.8064
2025-10-07 17:00:00,224.42,224.87,222.65,222.7,29042.1186
2025-10-07 18:00:00,222.7,223.29,221.38,221.46,40925.817
2025-10-07 19:00:00,221.46,222.84,220.72,221.69,77573.1866
2025-10-07 20:00:00,221.69,224.19,221.56,223.52,37870.6578
2025-10-07 21:00:00,223.52,224.31,222.47,223.17,33897.0275
2025-10-07 22:00:00,223.17,223.71,222.03,222.5,14415.3138
2025-10-07 23:00:00,222.5,222.58,219.7,219.95,43062.9221
2025-10-08 00:00:00,219.95,221.77,217.88,220.97,62761.697
2025-10-08 01:00:00,220.97,222.3,220.47,222.03,18270.7916
2025-10-08 02:00:00,222.03,222.76,221.18,221.61,28986.5046
2025-10-08 03:00:00,221.61,221.61,218.01,218.32,41319.9662
2025-10-08 04:00:00,218.32,220.54,217.31,220.38,40110.565
2025-10-08 05:00:00,220.38,220.4,218.38,219.49,20446.8674
2025-10-08 06:00:00,219.49,220.48,218.6,220.28,21452.5145
2025-10-08 07:00:00,220.28,220.99,219.47,220.98,16996.4595
2025-10-08 08:00:00,220.98,222.65,220.82,221.64,22608.0938
2025-10-08 09:00:00,221.64,222.09,220.77,221.44,20688.9217
2025-10-08 10:00:00,221.44,222.22,221.04,222.15,28539.0516
2025-10-08 11:00:00,222.15,222.55,220.65,221.19,26568.5898
2025-10-08 12:00:00,221.19,222.58,221.11,222.31,26953.448
2025-10-08 13:00:00,222.31,222.73,218.84,221.43,53837.0216
2025-10-08 14:00:00,221.43,224.17,219.49,220.05,72202.8798
2025-10-08 15:00:00,220.05,222.88,219.9,221.25,55334.4175
2025-10-08 16:00:00,221.25,223.72,220.73,223.6,23448.3486
2025-10-08 17:00:00,223.6,227.71,223.39,226.9,87168.6002
2025-10-08 18:00:00,226.9,229.64,226.42,228.64,96379.6452
2025-10-08 19:00:00,228.64,229.58,227.52,229.33,39759.438
2025-10-08 20:00:00,229.33,229.69,227.45,227.72,38265.8045
2025-10-08 21:00:00,227.72,229.13,227.41,228.51,13098.1167
2025-10-08 22:00:00,228.51,229.73,228.45,228.62,17984.2064
2025-10-08 23:00:00,228.62,229.34,227.86,229.02,31530.8961
2025-10-09 00:00:00,229.02,229.68,228.0,228.33,30806.9229
2025-10-09 01:00:00,228.33,228.65,226.04,228.44,41236.3751
2025-10-09 02:00:00,228.44,228.74,223.86,224.41,45544.556
2025-10-09 03:00:00,224.41,226.46,224.39,226.18,26697.0334
2025-10-09 04:00:00,226.18,227.55,225.44,227.45,14068.039
2025-10-09 05:00:00,227.45,228.76,226.72,227.77,26231.5756
2025-10-09 06:00:00,227.77,228.39,226.32,226.52,33742.6633
2025-10-09 07:00:00,226.52,226.89,224.16,224.5,46946.7844
2025-10-09 08:00:00,224.5,224.79,219.36,219.96,97469.3307
2025-10-09 09:00:00,219.96,222.15,219.89,221.99,44779.066
2025-10-09 10:00:00,221.99,222.95,220.97,222.26,26987.7283
2025-10-09 11:00:00,222.26,223.95,222.24,223.14,21895.0796
2025-10-09 12:00:00,223.14,226.32,222.91,225.99,43768.5752
2025-10-09 13:00:00,225.99,226.22,221.88,222.29,77135.6986
2025-10-09 14:00:00,222.29,223.3,219.38,220.86,74747.1953
2025-10-09 15:00:00,220.86,222.18,218.62,219.09,72996.8025
2025-10-09 16:00:00,219.09,220.12,216.58,217.24,78219.8601
2025-10-09 17:00:00,217.24,219.56,216.69,219.32,43306.035
2025-10-09 18:00:00,219.32,219.5,217.19,217.56,29692.9641
2025-10-09 19:00:00,217.56,218.95,217.41,218.28,28469.3677
2025-10-09 20:00:00,218.28,219.25,217.57,218.94,17718.3822
2025-10-09 21:00:00,218.94,220.47,218.56,220.28,20980.6794
2025-10-09 22:00:00,220.28,221.69,219.91,221.25,24664.28
2025-10-09 23:00:00,221.25,221.32,219.89,220.96,15672.2527
2025-10-10 00:00:00,220.96,222.01,220.78,221.23,19200.0541
2025-10-10 01:00:00,221.23,222.1,220.54,220.98,17623.6753
2025-10-10 02:00:00,220.98,221.86,219.87,220.34,30333.0182
2025-10-10 03:00:00,220.34,222.89,219.51,221.66,33825.5541
2025-10-10 04:00:00,221.66,222.91,220.86,221.23,39821.1689
2025-10-10 05:00:00,221.23,221.79,220.06,221.7,19799.5217
2025-10-10 06:00:00,221.7,222.45,219.29,219.37,16535.7443
2025-10-10 07:00:00,219.37,219.56,217.9,218.08,35895.4638
2025-10-10 08:00:00,218.08,220.05,217.38,220.02,34444.6714
2025-10-10 09:00:00,220.02,220.72,218.93,218.95,18612.0117
2025-10-10 10:00:00,218.95,220.62,218.74,220.4,14100.209
2025-10-10 11:00:00,220.4,221.58,220.28,221.14,27211.385
2025-10-10 12:00:00,221.14,221.8,220.79,221.75,15328.3284
2025-10-10 13:00:00,221.75,224.43,221.52,223.44,51977.5808
2025-10-10 14:00:00,223.44,224.42,219.67,219.79,70648.8065
2025-10-10 15:00:00,219.79,220.13,208.97,210.7,364969.7045
2025-10-10 16:00:00,210.7,212.99,210.01,211.25,107432.2686
2025-10-10 17:00:00,211.25,211.56,208.89,209.67,68245.7089
2025-10-10 18:00:00,209.67,210.05,207.45,207.47,52009.6659
2025-10-10 19:00:00,207.47,208.19,203.45,205.35,100409.1931
2025-10-10 20:00:00,205.35,207.77,192.34,196.87,259171.2458
2025-10-10 21:00:00,196.87,198.68,157.0,191.3,884504.8554
2025-10-10 22:00:00,191.3,191.91,182.84,188.48,440512.0065
2025-10-10 23:00:00,188.48,193.5,186.7,187.87,291273.3172
2025-10-11 00:00:00,187.87,190.27,184.33,187.75,212575.3404
2025-10-11 01:00:00,187.75,187.99,181.73,182.79,182419.9599
2025-10-11 02:00:00,182.79,190.66,182.62,188.25,178956.8227
2025-10-11 03:00:00,188.25,188.88,182.22,184.29,170721.733
2025-10-11 04:00:00,184.29,186.6,183.6,185.9,142235.7384
2025-10-11 05:00:00,185.9,186.15,179.72,182.2,192662.0391
2025-10-11 06:00:00,182.2,186.04,181.94,183.07,165537.6301
2025-10-11 07:00:00,183.07,183.87,181.64,182.76,135374.4976
2025-10-11 08:00:00,182.76,187.28,181.97,186.51,128409.8326
2025-10-11 09:00:00,186.51,188.31,183.97,184.32,189352.6449
2025-10-11 10:00:00,184.32,185.99,182.94,183.76,136007.9551
2025-10-11 11:00:00,183.76,184.14,181.53,183.7,132708.0616
2025-10-11 12:00:00,183.7,184.57,181.67,183.11,73481.4457
2025-10-11 13:00:00,183.11,184.5,180.59,184.2,136072.881
2025-10-11 14:00:00,184.2,184.63,181.49,182.6,123671.0519
2025-10-11 15:00:00,182.6,184.99,182.48,183.67,68501.4963
2025-10-11 16:00:00,183.67,184.63,181.76,182.63,72101.408
2025-10-11 17:00:00,182.63,184.63,182.4,183.02,54275.2768
2025-10-11 18:00:00,183.02,183.07,182.25,182.53,39274.9449
2025-10-11 19:00:00,182.53,182.58,176.56,177.56,108571.0418
2025-10-11 20:00:00,177.56,178.14,173.9,175.55,133103.2672
2025-10-11 21:00:00,175.55,177.51,172.55,176.93,85577.8656
2025-10-11 22:00:00,176.93,178.12,175.92,177.36,35054.3436
2025-10-11 23:00:00,177.36,178.74,176.77,177.58,46768.7479
2025-10-12 00:00:00,177.58,177.73,173.0,173.3,93764.8994
2025-10-12 01:00:00,173.3,175.44,173.18,174.06,55433.7297
2025-10-12 02:00:00,174.06,176.59,173.48,174.76,80821.6326
2025-10-12 03:00:00,174.76,178.49,174.34,177.03,81219.5345
2025-10-12 04:00:00,177.03,180.82,176.58,180.06,118035.7092
2025-10-12 05:00:00,180.06,182.1,179.51,181.46,47060.2239
2025-10-12 06:00:00,181.46,182.69,180.85,182.59,64310.9421
2025-10-12 07:00:00,182.59,182.97,181.49,182.56,48535.2906
2025-10-12 08:00:00,182.56,182.75,181.41,181.79,31628.6696
2025-10-12 09:00:00,181.79,182.28,180.33,182.02,33429.9983
2025-10-12 10:00:00,182.02,182.75,180.65,180.72,29144.7215
2025-10-12 11:00:00,180.72,181.9,180.47,180.95,33672.6976
2025-10-12 12:00:00,180.95,183.2,180.76,181.65,62946.105
2025-10-12 13:00:00,181.65,181.79,178.22,179.2,46431.619
2025-10-12 14:00:00,179.2,188.98,179.11,186.31,176946.0571
2025-10-12 15:00:00,186.31,191.84,185.54,191.26,203605.5489
2025-10-12 16:00:00,191.26,195.51,191.2,193.82,166976.3991
2025-10-12 17:00:00,193.82,196.14,193.3,194.6,73504.9281
2025-10-12 18:00:00,194.6,195.61,191.81,193.8,51868.3754
2025-10-12 19:00:00,193.8,196.54,193.51,195.87,44193.8433
2025-10-12 20:00:00,195.87,199.0,195.38,196.79,77290.8296
2025-10-12 21:00:00,196.79,197.93,193.12,195.62,64069.3135
2025-10-12 22:00:00,195.62,198.05,195.57,197.41,62997.6976
2025-10-12 23:00:00,197.41,197.47,195.27,197.02,38736.8161
2025-10-13 00:00:00,197.02,199.29,195.72,197.27,69434.2092
2025-10-13 01:00:00,197.27,199.49,196.05,199.44,86145.5609
2025-10-13 02:00:00,199.44,200.13,195.71,196.5,58409.8795
2025-10-13 03:00:00,196.5,197.2,194.36,194.81,27783.4
2025-10-13 04:00:00,194.81,196.46,194.22,196.19,21669.7933
2025-10-13 05:00:00,196.19,196.3,193.68,194.05,25686.8152
2025-10-13 06:00:00,194.05,197.4,192.94,197.1,40385.3313
2025-10-13 07:00:00,197.1,199.5,196.0,196.83,62110.7615
2025-10-13 08:00:00,196.83,198.74,196.19,198.27,35829.9776
2025-10-13 09:00:00,198.27,198.27,196.71,197.03,29712.2337
2025-10-13 10:00:00,197.03,197.1,194.89,195.41,63073.7428
2025-10-13 11:00:00,195.41,195.54,190.11,192.59,92033.6143
2025-10-13 12:00:00,192.59,194.44,191.36,191.86,48313.1974
2025-10-13 13:00:00,191.86,196.98,191.33,196.27,128398.1248
2025-10-13 14:00:00,196.27,196.82,192.52,193.39,89369.4946
2025-10-13 15:00:00,193.39,197.67,193.26,196.41,59160.707
2025-10-13 16:00:00,196.41,200.36,196.23,200.1,118728.0953
2025-10-13 17:00:00,200.1,205.84,199.98,205.02,212072.3506
2025-10-13 18:00:00,205.02,206.7,204.02,205.98,140042.151
2025-10-13 19:00:00,205.98,208.78,205.61,207.11,73718.5411
2025-10-13 20:00:00,207.11,208.79,206.82,208.63,50969.0013
2025-10-13 21:00:00,208.63,208.98,207.7,207.99,33305.7153
2025-10-13 22:00:00,207.99,209.3,207.66,208.4,43536.2541
2025-10-13 23:00:00,208.4,209.22,207.3,208.67,32216.4275
2025-10-14 00:00:00,208.67,211.31,208.06,209.34,66090.0216
2025-10-14 01:00:00,209.34,210.17,207.93,208.48,81655.0381
2025-10-14 02:00:00,208.48,208.65,205.84,206.35,105846.2862
2025-10-14 03:00:00,206.35,207.02,204.97,205.74,70573.9583
2025-10-14 04:00:00,205.74,205.88,201.1,202.11,59101.7737
2025-10-14 05:00:00,202.11,203.88,198.97,199.71,83594.959
2025-10-14 06:00:00,199.71,200.8,192.06,195.36,167942.1097
2025-10-14 07:00:00,195.36,197.26,193.42,194.5,125978.4822
2025-10-14 08:00:00,194.5,197.12,193.18,196.17,84302.3131
2025-10-14 09:00:00,196.17,197.58,194.08,194.86,61291.0028
2025-10-14 10:00:00,194.86,194.89,191.03,194.24,85052.7534
2025-10-14 11:00:00,194.24,197.07,194.01,195.37,52541.3279
2025-10-14 12:00:00,195.37,195.41,192.41,193.4,66167.224
2025-10-14 13:00:00,193.4,195.7,191.5,195.03,93410.8343
2025-10-14 14:00:00,195.03,198.88,194.42,195.93,104734.0238
2025-10-14 15:00:00,195.93,202.66,194.55,202.21,103262.3936
2025-10-14 16:00:00,202.21,206.48,200.0,202.51,194440.8919
2025-10-14 17:00:00,202.51,204.65,199.33,201.79,110132.0128
2025-10-14 18:00:00,201.79,204.22,200.53,201.52,61408.4669
2025-10-14 19:00:00,201.52,203.78,197.07,198.53,109050.4422
2025-10-14 20:00:00,198.53,200.61,198.16,200.6,58253.7869
2025-10-14 21:00:00,200.6,201.52,198.35,201.23,28359.3516
2025-10-14 22:00:00,201.23,202.19,200.29,201.45,23767.2127
2025-10-14 23:00:00,201.45,203.43,201.44,202.49,23345.2052
2025-10-15 00:00:00,202.49,204.05,201.25,203.97,44876.2325
2025-10-15 01:00:00,203.97,204.15,201.14,203.72,43109.8905
2025-10-15 02:00:00,203.72,205.9,203.09,203.46,63544.4369
2025-10-15 03:00:00,203.46,203.77,200.97,201.69,48451.8004
2025-10-15 04:00:00,201.69,203.61,200.52,203.5,42101.3132
2025-10-15 05:00:00,203.5,204.89,202.83,204.47,52886.4072
2025-10-15 06:00:00,204.47,205.4,201.99,204.65,81644.9849
2025-10-15 07:00:00,204.65,205.09,203.24,204.73,66794.8872
2025-10-15 08:00:00,204.73,208.96,204.47,206.18,134847.7362
2025-10-15 09:00:00,206.18,207.42,205.39,206.02,85538.9569
2025-10-15 10:00:00,206.02,206.37,203.46,203.91,88114.3725
2025-10-15 11:00:00,203.91,204.83,202.07,202.6,87365.7961
2025-10-15 12:00:00,202.6,203.7,201.61,203.06,71353.8321
2025-10-15 13:00:00,203.06,204.33,198.07,201.16,149266.0511
2025-10-15 14:00:00,201.16,204.93,198.36,199.47,178094.2813
2025-10-15 15:00:00,199.47,200.35,196.22,197.12,136947.7621
2025-10-15 16:00:00,197.12,198.72,196.84,197.35,83503.4959
2025-10-15 17:00:00,197.35,198.15,195.21,198.15,98104.6188
2025-10-15 18:00:00,198.15,198.3,196.26,198.03,52162.1346
2025-10-15 19:00:00,198.03,198.07,194.21,194.82,75371.2173
2025-10-15 20:00:00,194.82,196.57,192.24,194.19,118093.6156
2025-10-15 21:00:00,194.19,195.23,192.05,192.88,64883.3856
2025-10-15 22:00:00,192.88,194.57,192.59,193.31,60432.3975
2025-10-15 23:00:00,193.31,194.82,192.95,193.73,44608.7755
2025-10-16 00:00:00,193.73,194.59,193.11,193.86,43524.303
2025-10-16 01:00:00,193.86,195.41,193.78,195.13,39483.2121
2025-10-16 02:00:00,195.13,196.16,194.18,195.48,46032.0028
2025-10-16 03:00:00,195.48,196.07,193.38,193.61,44008.388
2025-10-16 04:00:00,193.61,194.59,192.32,192.45,61405.2273
2025-10-16 05:00:00,192.45,194.4,191.38,192.46,57254.437
2025-10-16 06:00:00,192.46,195.6,192.42,195.16,42375.5252
2025-10-16 07:00:00,195.16,195.34,192.28,192.85,60024.3651
2025-10-16 08:00:00,192.85,193.42,191.87,192.43,47388.6494
2025-10-16 09:00:00,192.43,194.66,186.3,193.88,215754.5092
2025-10-16 10:00:00,193.88,196.7,193.61,195.75,72638.3331
2025-10-16 11:00:00,195.75,197.2,194.51,196.83,57939.8068
2025-10-16 12:00:00,196.83,198.07,195.93,197.01,51444.1268
2025-10-16 13:00:00,197.01,198.38,195.18,195.76,49054.9757
2025-10-16 14:00:00,195.76,196.58,191.42,194.06,132128.9146
2025-10-16 15:00:00,194.06,194.3,186.6,187.57,126118.4037
2025-10-16 16:00:00,187.57,192.27,186.33,192.26,149618.9825
2025-10-16 17:00:00,192.26,192.32,188.83,189.61,75545.6266
2025-10-16 18:00:00,189.61,189.84,186.83,189.26,93928.2334
2025-10-16 19:00:00,189.26,189.46,183.72,185.07,99132.4355
2025-10-16 20:00:00,185.07,186.11,182.06,182.81,63386.626
2025-10-16 21:00:00,182.81,185.76,182.79,185.62,28358.5089
2025-10-16 22:00:00,185.62,185.99,183.08,183.12,31089.4015
2025-10-16 23:00:00,183.12,185.19,182.89,184.85,47136.959
2025-10-17 00:00:00,184.85,186.46,184.26,186.29,28375.9793
2025-10-17 01:00:00,186.29,187.57,184.8,185.69,32064.4495
2025-10-17 02:00:00,185.69,187.38,184.71,186.78,33455.0376
2025-10-17 03:00:00,186.78,187.47,186.24,187.08,26282.6695
2025-10-17 04:00:00,187.08,187.43,186.3,187.06,25948.1483
2025-10-17 05:00:00,187.06,187.46,185.4,185.69,38474.2465
2025-10-17 06:00:00,185.69,186.48,179.69,180.37,113265.1743
2025-10-17 07:00:00,180.37,180.81,177.35,177.73,158546.6285
2025-10-17 08:00:00,177.73,178.96,175.47,175.62,190300.7712
2025-10-17 09:00:00,175.62,180.45,175.4,176.79,121959.7253
2025-10-17 10:00:00,176.79,177.96,174.06,177.4,113831.6218
2025-10-17 11:00:00,177.4,182.7,177.24,181.46,154395.4507
2025-10-17 12:00:00,181.46,182.63,179.95,180.06,88575.1529
2025-10-17 13:00:00,180.06,182.18,177.99,180.66,121847.5574
2025-10-17 14:00:00,180.66,181.03,176.33,178.41,112883.1051
2025-10-17 15:00:00,178.41,182.8,178.02,182.71,78287.6761
2025-10-17 16:00:00,182.71,185.03,181.77,182.37,102026.8416
2025-10-17 17:00:00,182.37,184.56,182.14,183.77,55374.2742
2025-10-17 18:00:00,183.77,185.42,183.21,183.47,40824.8899
2025-10-17 19:00:00,183.47,184.18,181.45,181.98,56552.2382
2025-10-17 20:00:00,181.98,184.03,181.49,183.68,30106.704
2025-10-17 21:00:00,183.68,186.06,183.46,185.42,39435.1241
2025-10-17 22:00:00,185.42,185.95,183.21,184.0,27642.7731
2025-10-17 23:00:00,184.0,184.0,181.81,181.99,28702.019
2025-10-18 00:00:00,181.99,183.56,181.79,182.88,32861.0695
2025-10-18 01:00:00,182.88,184.9,182.7,184.66,27752.9685
2025-10-18 02:00:00,184.66,185.55,183.39,183.71,33662.5838
2025-10-18 03:00:00,183.71,185.48,183.7,184.81,20264.0764
2025-10-18 04:00:00,184.81,184.82,183.13,183.46,17792.3708
2025-10-18 05:00:00,183.46,184.78,183.46,184.57,15226.6648
2025-10-18 06:00:00,184.57,186.6,184.22,186.33,20860.29
2025-10-18 07:00:00,186.33,188.26,185.88,186.27,39892.5366
2025-10-18 08:00:00,186.27,187.18,185.81,185.92,27889.2877
2025-10-18 09:00:00,185.92,186.63,185.38,185.95,18362.982
2025-10-18 10:00:00,185.95,186.25,184.41,185.15,37411.9909
2025-10-18 11:00:00,185.15,186.12,184.61,186.11,31975.6799
2025-10-18 12:00:00,186.11,187.38,185.71,186.08,20583.2952
2025-10-18 13:00:00,186.08,186.14,184.79,185.24,14854.2725
2025-10-18 14:00:00,185.24,186.22,183.97,185.73,19470.2446
2025-10-18 15:00:00,185.73,185.96,184.61,185.04,18179.0648
2025-10-18 16:00:00,185.04,185.55,183.35,184.27,32328.6401
2025-10-18 17:00:00,184.27,186.13,183.81,185.95,25140.2768
2025-10-18 18:00:00,185.95,186.18,185.3,185.85,26977.8552
2025-10-18 19:00:00,185.85,186.42,185.65,186.36,17779.65
2025-10-18 20:00:00,186.36,187.7,186.14,186.59,14737.6203
2025-10-18 21:00:00,186.59,187.28,185.88,187.19,25137.7187
2025-10-18 22:00:00,187.19,187.85,186.82,187.28,10275.7323
2025-10-18 23:00:00,187.28,187.74,186.94,187.57,9968.085
2025-10-19 00:00:00,187.57,187.88,185.31,185.75,22413.0642
2025-10-19 01:00:00,185.75,185.9,184.91,185.84,11387.1059
2025-10-19 02:00:00,185.84,185.97,185.27,185.8,11276.7361
2025-10-19 03:00:00,185.8,187.15,184.99,187.07,18813.3424
2025-10-19 04:00:00,187.07,187.17,186.37,186.83,8394.9838
2025-10-19 05:00:00,186.83,187.69,186.36,186.54,11254.4936
2025-10-19 06:00:00,186.54,186.92,185.21,185.59,13689.164
2025-10-19 07:00:00,185.59,186.16,185.25,185.9,15840.539
2025-10-19 08:00:00,185.9,187.52,183.82,184.19,56869.1232
2025-10-19 09:00:00,184.19,188.69,183.21,187.19,76470.3094
2025-10-19 10:00:00,187.19,189.97,186.7,189.09,60260.5833
2025-10-19 11:00:00,189.09,190.1,188.64,189.03,55448.1981
2025-10-19 12:00:00,189.03,189.38,188.14,188.91,21639.1699
2025-10-19 13:00:00,188.91,191.04,188.34,190.62,47574.6292
2025-10-19 14:00:00,190.62,191.72,189.8,191.58,47316.088
2025-10-19 15:00:00,191.58,191.68,190.21,190.78,35231.8801
2025-10-19 16:00:00,190.78,191.65,189.96,190.88,31814.0455
2025-10-19 17:00:00,190.88,192.27,189.75,190.06,52348.3289
2025-10-19 18:00:00,190.06,190.41,189.16,189.96,51184.94
2025-10-19 19:00:00,189.96,189.97,188.34,188.93,23911.0672
2025-10-19 20:00:00,188.93,189.93,188.65,189.67,25888.6065
2025-10-19 21:00:00,189.67,189.84,188.37,189.3,25920.3781
2025-10-19 22:00:00,189.3,190.16,188.94,189.83,24359.9708
2025-10-19 23:00:00,189.83,189.86,186.87,187.88,44728.717
2025-10-20 00:00:00,187.88,187.89,183.83,185.65,77978.2027
2025-10-20 01:00:00,185.65,186.34,185.01,185.66,21884.6954
2025-10-20 02:00:00,185.66,187.35,184.14,186.88,40443.4206
2025-10-20 03:00:00,186.88,191.72,185.88,191.2,70131.4169
2025-10-20 04:00:00,191.2,192.48,190.58,192.16,97182.2527
2025-10-20 05:00:00,192.16,193.36,191.55,192.98,73503.6239
2025-10-20 06:00:00,192.98,194.3,192.73,193.93,79143.9205
2025-10-20 07:00:00,193.93,194.51,192.84,193.01,35906.4525
2025-10-20 08:00:00,193.01,194.17,192.22,193.0,37097.1074
2025-10-20 09:00:00,193.0,193.64,192.58,193.2,32361.3323
2025-10-20 10:00:00,193.2,193.74,191.41,191.62,35394.7432
2025-10-20 11:00:00,191.62,192.3,191.0,192.22,34870.3632
2025-10-20 12:00:00,192.22,192.78,191.7,192.78,24564.8082
2025-10-20 13:00:00,192.78,193.02,191.59,192.43,31940.252
2025-10-20 14:00:00,192.43,192.64,190.77,191.41,74224.5507
2025-10-20 15:00:00,191.41,192.34,190.41,190.52,36981.388
2025-10-20 16:00:00,190.52,190.53,186.72,187.55,121792.7423
2025-10-20 17:00:00,187.55,188.56,185.6,187.67,60851.5673
2025-10-20 18:00:00,187.67,188.53,187.19,188.21,24077.7005
2025-10-20 19:00:00,188.21,189.42,187.54,188.82,21876.5719
2025-10-20 20:00:00,188.82,190.54,188.24,190.54,18821.9948
2025-10-20 21:00:00,190.54,191.19,188.8,189.01,16845.4808
2025-10-20 22:00:00,189.01,190.89,188.79,190.76,15703.8305
2025-10-20 23:00:00,190.76,190.87,189.38,189.71,32844.9659
2025-10-21 00:00:00,189.71,190.25,188.74,189.02,32917.1227
2025-10-21 01:00:00,189.02,189.29,186.23,186.76,46813.57
2025-10-21 02:00:00,186.76,186.93,185.52,186.05,33719.4531
2025-10-21 03:00:00,186.05,186.61,185.31,185.57,17883.3105
2025-10-21 04:00:00,185.57,185.65,183.21,183.75,67121.9667
2025-10-21 05:00:00,183.75,184.37,182.76,183.88,43839.029
2025-10-21 06:00:00,183.88,185.03,183.17,184.47,29492.6905
2025-10-21 07:00:00,184.47,185.21,183.7,185.05,22838.4171
2025-10-21 08:00:00,185.05,185.06,183.76,184.28,31875.6438
2025-10-21 09:00:00,184.28,184.53,183.77,184.39,12248.9182
2025-10-21 10:00:00,184.39,186.72,184.25,185.92,40778.9411
2025-10-21 11:00:00,185.92,186.54,185.07,186.29,20712.4284
2025-10-21 12:00:00,186.29,187.78,185.91,186.49,27046.5677
2025-10-21 13:00:00,186.49,186.97,183.99,185.11,49232.2207
2025-10-21 14:00:00,185.11,192.79,185.01,192.7,128673.5157
2025-10-21 15:00:00,192.7,197.19,191.93,196.29,161655.0334
2025-10-21 16:00:00,196.29,197.74,192.11,192.59,152830.1423
2025-10-21 17:00:00,192.59,195.47,192.14,194.86,111367.068
2025-10-21 18:00:00,194.86,195.48,193.55,194.17,45244.8986
2025-10-21 19:00:00,194.17,194.57,193.09,193.98,25536.3332
2025-10-21 20:00:00,193.98,194.25,190.75,191.44,46727.3641
2025-10-21 21:00:00,191.44,191.79,187.9,191.3,56290.7327
2025-10-21 22:00:00,191.3,191.5,187.78,188.51,99656.2006
2025-10-21 23:00:00,188.51,188.93,185.07,185.64,133710.6366
2025-10-22 00:00:00,185.64,186.6,184.16,185.67,90994.6871
2025-10-22 01:00:00,185.67,187.2,185.61,186.98,42840.419
2025-10-22 02:00:00,186.98,187.47,185.9,185.95,27061.5464
2025-10-22 03:00:00,185.95,185.99,184.48,185.24,36995.7557
2025-10-22 04:00:00,185.24,186.29,185.05,185.88,30145.5041
2025-10-22 05:00:00,185.88,185.97,183.31,184.56,82280.8652
2025-10-22 06:00:00,184.56,184.94,183.89,184.09,45823.622
2025-10-22 07:00:00,184.09,185.15,183.42,185.0,42466.1039
2025-10-22 08:00:00,185.0,185.21,184.22,184.7,18493.151
2025-10-22 09:00:00,184.7,184.92,183.38,184.06,29133.1002
2025-10-22 10:00:00,184.06,184.52,183.22,183.55,22432.4423
2025-10-22 11:00:00,183.55,185.98,181.8,185.07,90707.6883
2025-10-22 12:00:00,185.07,186.94,184.48,185.82,45534.1309
2025-10-22 13:00:00,185.82,186.91,184.17,186.53,65571.8244
2025-10-22 14:00:00,186.53,186.71,181.34,185.51,201174.943
2025-10-22 15:00:00,185.51,186.06,182.33,183.98,85169.9574
2025-10-22 16:00:00,183.98,184.98,182.52,183.63,74928.2333
2025-10-22 17:00:00,183.63,184.25,181.34,181.67,41685.5127
2025-10-22 18:00:00,181.67,182.33,180.16,180.89,58246.3541
2025-10-22 19:00:00,180.89,182.55,177.0,180.2,81606.5324
2025-10-22 20:00:00,180.2,180.77,179.01,180.17,43825.9302
2025-10-22 21:00:00,180.17,180.27,176.99,178.38,80425.5354
2025-10-22 22:00:00,178.38,179.57,177.79,178.86,28008.2858
2025-10-22 23:00:00,178.86,180.47,178.74,180.09,55653.7489
2025-10-23 00:00:00,180.09,181.13,179.67,181.03,27655.761
2025-10-23 01:00:00,181.03,182.05,180.65,181.77,27737.924
2025-10-23 02:00:00,181.77,182.5,181.42,182.3,25940.5687
2025-10-23 03:00:00,182.3,183.37,182.14,182.86,19363.5537
2025-10-23 04:00:00,182.86,184.27,182.69,184.03,14727.2596
2025-10-23 05:00:00,184.03,184.84,183.82,184.84,14355.0996
2025-10-23 06:00:00,184.84,187.55,184.57,187.41,84074.8072
2025-10-23 07:00:00,187.41,188.0,186.2,187.48,67932.4835
2025-10-23 08:00:00,187.48,188.72,187.48,187.99,35062.2533
2025-10-23 09:00:00,187.99,188.88,187.49,188.41,45654.3488
2025-10-23 10:00:00,188.41,189.37,188.24,188.27,53106.9122
2025-10-23 11:00:00,188.27,189.47,187.52,188.01,96899.7711
2025-10-23 12:00:00,188.01,189.4,186.61,189.35,102354.0103
2025-10-23 13:00:00,189.35,192.62,188.42,190.35,107808.9799
2025-10-23 14:00:00,190.35,191.3,188.15,189.77,74253.1088
2025-10-23 15:00:00,189.77,191.89,189.48,191.06,53129.1587
2025-10-23 16:00:00,191.06,192.43,190.46,191.95,44300.389
2025-10-23 17:00:00,191.95,193.49,190.08,192.52,77967.983
2025-10-23 18:00:00,192.52,192.89,190.84,191.54,41419.39
2025-10-23 19:00:00,191.54,191.87,190.56,191.16,24367.381
2025-10-23 20:00:00,191.16,191.31,188.29,188.8,82453.3384
2025-10-23 21:00:00,188.8,189.43,188.5,188.77,47253.337
2025-10-23 22:00:00,188.77,190.6,188.65,190.4,33811.2182
2025-10-23 23:00:00,190.4,191.5,190.39,191.34,21423.5439
2025-10-24 00:00:00,191.34,193.92,190.93,192.53,44305.5206
2025-10-24 01:00:00,192.53,193.38,192.14,192.94,19307.4764
2025-10-24 02:00:00,192.94,193.07,191.39,192.19,23493.6416
2025-10-24 03:00:00,192.19,192.34,190.83,191.28,16247.8844
2025-10-24 04:00:00,191.28,194.58,190.8,193.49,43093.2077
2025-10-24 05:00:00,193.49,193.91,192.93,193.31,24734.7039
2025-10-24 06:00:00,193.31,193.69,192.61,193.31,18183.383
2025-10-24 07:00:00,193.31,193.45,191.51,192.17,28068.1087
2025-10-24 08:00:00,192.17,193.47,191.74,192.95,29366.4785
2025-10-24 09:00:00,192.95,193.39,191.86,192.12,19210.8904
2025-10-24 10:00:00,192.12,192.16,191.43,191.79,23436.9073
2025-10-24 11:00:00,191.79,192.22,190.6,192.14,23536.8698
2025-10-24 12:00:00,192.14,196.8,192.14,193.65,144425.0285
2025-10-24 13:00:00,193.65,194.27,190.86,192.49,84881.5514
2025-10-24 14:00:00,192.49,192.49,189.47,190.17,67246.5584
2025-10-24 15:00:00,190.17,190.86,188.8,189.43,97114.1988
2025-10-24 16:00:00,189.43,190.69,188.79,190.65,25638.9058
2025-10-24 17:00:00,190.65,191.72,190.41,191.14,24587.8145
2025-10-24 18:00:00,191.14,191.92,190.98,191.81,15378.7431
2025-10-24 19:00:00,191.81,193.62,191.79,193.06,35829.6113
2025-10-24 20:00:00,193.06,194.14,192.82,193.55,24381.2714
2025-10-24 21:00:00,193.55,193.98,193.23,193.74,16145.2511
2025-10-24 22:00:00,193.74,194.14,193.17,193.79,9699.0617
2025-10-24 23:00:00,193.79,193.79,193.1,193.58,5877.4911
2025-10-25 00:00:00,193.58,193.63,192.42,192.99,10698.9715
2025-10-25 01:00:00,192.99,194.48,192.87,193.73,13951.6276
2025-10-25 02:00:00,193.73,194.17,193.35,193.83,10694.8017
2025-10-25 03:00:00,193.83,193.99,193.27,193.43,8346.293
2025-10-25 04:00:00,193.43,194.48,193.42,194.2,15879.0705
2025-10-25 05:00:00,194.2,194.73,193.39,194.47,9321.9233
2025-10-25 06:00:00,194.47,194.73,194.01,194.05,9500.3402
2025-10-25 07:00:00,194.05,194.92,193.82,193.96,8941.3432
2025-10-25 08:00:00,193.96,195.3,193.9,194.9,28716.1412
2025-10-25 09:00:00,194.9,194.93,192.38,192.62,42134.0294
2025-10-25 10:00:00,192.62,192.78,191.13,192.02,21620.5293
2025-10-25 11:00:00,192.02,192.93,191.72,192.74,18843.9985
2025-10-25 12:00:00,192.74,194.23,192.58,193.92,25363.1085
2025-10-25 13:00:00,193.92,193.94,192.5,192.87,15091.6279
2025-10-25 14:00:00,192.87,192.89,192.03,192.62,18982.1244
2025-10-25 15:00:00,192.62,192.62,191.83,191.9,12026.6316
2025-10-25 16:00:00,191.9,192.14,191.46,191.94,12372.4283
2025-10-25 17:00:00,191.94,192.54,191.85,192.39,5984.2886
2025-10-25 18:00:00,192.39,194.37,192.32,194.27,20490.0937
2025-10-25 19:00:00,194.27,194.64,193.91,194.5,8414.8068
2025-10-25 20:00:00,194.5,194.95,193.74,194.13,23860.633
2025-10-25 21:00:00,194.13,194.82,193.85,194.4,22769.6589
2025-10-25 22:00:00,194.4,194.76,193.94,194.49,30159.9451
2025-10-25 23:00:00,194.49,194.73,193.83,193.83,20009.7358
2025-10-26 00:00:00,193.83,194.34,193.11,193.28,16779.043
2025-10-26 01:00:00,193.28,193.72,192.3,192.83,11697.9745
2025-10-26 02:00:00,192.83,193.12,191.86,192.24,12397.6865
2025-10-26 03:00:00,192.24,193.06,192.0,192.97,7001.0441
2025-10-26 04:00:00,192.97,193.49,192.82,192.88,6339.9782
2025-10-26 05:00:00,192.88,193.76,192.74,193.59,4474.4873
2025-10-26 06:00:00,193.59,194.18,193.48,194.05,11402.8829
2025-10-26 07:00:00,194.05,194.3,193.82,193.87,5947.9438
2025-10-26 08:00:00,193.87,194.4,193.55,194.31,14698.9795
2025-10-26 09:00:00,194.31,196.41,193.92,195.97,42807.8289
2025-10-26 10:00:00,195.97,196.13,194.64,194.85,17773.814
2025-10-26 11:00:00,194.85,197.91,194.36,197.76,47271.1513
2025-10-26 12:00:00,197.76,198.42,196.91,198.0,39430.5866
2025-10-26 13:00:00,198.0,199.68,197.54,199.07,47805.8843
2025-10-26 14:00:00,199.07,199.88,198.69,198.86,22121.0588
2025-10-26 15:00:00,198.86,199.77,198.52,199.5,19675.2325
2025-10-26 16:00:00,199.5,199.54,198.17,198.72,29842.2172
2025-10-26 17:00:00,198.72,199.25,198.43,198.93,17495.2127
2025-10-26 18:00:00,198.93,199.67,198.9,199.1,15401.8304
2025-10-26 19:00:00,199.1,199.13,198.51,198.9,18208.0742
2025-10-26 20:00:00,198.9,198.9,197.41,197.47,35018.3875
2025-10-26 21:00:00,197.47,198.5,196.87,198.49,20561.5052
2025-10-26 22:00:00,198.49,202.47,198.49,200.21,130463.9276
2025-10-26 23:00:00,200.21,201.05,199.72,200.02,33027.9591
2025-10-27 00:00:00,200.02,203.51,199.51,203.27,45022.791
2025-10-27 01:00:00,203.27,205.07,202.79,204.37,48732.2615
2025-10-27 02:00:00,204.37,205.0,203.54,203.96,21170.8644
2025-10-27 03:00:00,203.96,204.63,203.27,204.31,25546.8764
2025-10-27 04:00:00,204.31,204.62,203.11,204.02,19807.1779
2025-10-27 05:00:00,204.02,205.32,203.93,204.31,22002.3063
2025-10-27 06:00:00,204.31,204.93,203.49,204.74,33806.7163
2025-10-27 07:00:00,204.74,205.21,202.18,202.5,57365.6969
2025-10-27 08:00:00,202.5,202.52,199.93,200.48,62664.3493
2025-10-27 09:00:00,200.48,200.54,198.05,199.94,135616.7167
2025-10-27 10:00:00,199.94,200.75,199.63,200.43,54722.268
2025-10-27 11:00:00,200.43,200.94,198.83,200.17,38686.7825
2025-10-27 12:00:00,200.17,200.26,199.0,199.54,32072.5769
2025-10-27 13:00:00,199.54,200.59,198.45,200.36,47433.874
2025-10-27 14:00:00,200.36,200.54,198.31,199.15,70376.752
2025-10-27 15:00:00,199.15,200.5,198.98,200.14,55387.4551
2025-10-27 16:00:00,200.14,203.15,200.02,202.49,80678.1424
2025-10-27 17:00:00,202.49,203.29,201.72,202.3,37869.0753
2025-10-27 18:00:00,202.3,203.23,201.25,201.67,26125.8782
2025-10-27 19:00:00,201.67,201.75,199.73,200.06,60377.1644
2025-10-27 20:00:00,200.06,200.26,198.62,198.73,59582.6374
2025-10-27 21:00:00,198.73,199.56,197.74,198.74,24478.4929
2025-10-27 22:00:00,198.74,199.4,198.02,198.29,32098.8933
2025-10-27 23:00:00,198.29,198.96,197.33,198.7,43271.6966
2025-10-28 00:00:00,198.7,200.42,198.4,199.68,54459.8752
2025-10-28 01:00:00,199.68,202.07,199.68,201.38,39340.3016
2025-10-28 02:00:00,201.38,201.89,199.5,200.76,47425.6907
2025-10-28 03:00:00,200.76,201.98,199.87,201.3,74966.7978
2025-10-28 04:00:00,201.3,202.17,200.46,201.14,32792.3192
2025-10-28 05:00:00,201.14,201.47,198.66,198.76,46844.2885
2025-10-28 06:00:00,198.76,200.96,198.75,200.91,29131.5083
2025-10-28 07:00:00,200.91,203.0,200.71,202.36,96998.0872
2025-10-28 08:00:00,202.36,204.02,201.98,203.43,74963.3999
2025-10-28 09:00:00,203.43,203.81,201.48,202.03,40094.3846
2025-10-28 10:00:00,202.03,202.09,199.9,200.34,38624.5807
2025-10-28 11:00:00,200.34,200.68,199.2,199.73,28722.619
2025-10-28 12:00:00,199.73,200.33,198.22,200.21,77414.2105
2025-10-28 13:00:00,200.21,203.07,200.13,202.7,117403.3891
2025-10-28 14:00:00,202.7,202.92,196.52,199.54,182292.964
2025-10-28 15:00:00,199.54,200.68,198.32,198.84,101944.8901
2025-10-28 16:00:00,198.84,200.66,197.89,199.76,159675.1757
2025-10-28 17:00:00,199.76,200.88,199.64,200.85,27365.105
2025-10-28 18:00:00,200.85,201.26,198.89,199.68,36421.3672
2025-10-28 19:00:00,199.68,200.12,194.45,195.35,208259.7763
2025-10-28 20:00:00,195.35,195.35,192.07,192.5,197375.3923
2025-10-28 21:00:00,192.5,194.41,190.32,193.85,104007.8648
2025-10-28 22:00:00,193.85,195.17,193.31,194.92,57320.9152
2025-10-28 23:00:00,194.92,194.93,193.78,194.16,33653.1819
2025-10-29 00:00:00,194.16,195.1,193.33,193.82,29633.9355
2025-10-29 01:00:00,193.82,195.04,192.69,194.18,25857.8448
2025-10-29 02:00:00,194.18,194.86,194.0,194.71,13617.9637
2025-10-29 03:00:00,194.71,194.71,193.22,193.89,24544.8215
2025-10-29 04:00:00,193.89,194.74,193.76,194.53,15336.6541
2025-10-29 05:00:00,194.53,195.79,194.41,195.15,28336.5455
